transaction_id,date,customer_id,gender,age,product_category,quantity,price_per_unit,total_amount
1,2023-11-24,1,Male,34,Beauty,3,50,150
2,2023-02-27,2,Female,26,Clothing,2,500,1000
3,2023-01-13,3,Male,50,Electronics,1,30,30
4,2023-05-21,4,Male,37,Clothing,1,500,500
5,2023-05-06,5,Male,30,Beauty,2,50,100
6,2023-04-25,6,Female,45,Beauty,1,30,30
7,2023-03-13,7,Male,46,Clothing,2,25,50
8,2023-02-22,8,Male,30,Electronics,4,25,100
9,2023-12-13,9,Male,63,Electronics,2,300,600
10,2023-10-07,10,Female,52,Clothing,4,50,200
11,2023-02-14,11,Male,23,Clothing,2,50,100
12,2023-10-30,12,Male,35,Beauty,3,25,75
13,2023-08-05,13,Male,22,Electronics,3,500,1500
14,2023-01-17,14,Male,64,Clothing,4,30,120
15,2023-01-16,15,Female,42,Electronics,4,500,2000
16,2023-02-17,16,Male,19,Clothing,3,500,1500
17,2023-04-22,17,Female,27,Clothing,4,25,100
18,2023-04-30,18,Female,47,Electronics,2,25,50
19,2023-09-16,19,Female,62,Clothing,2,25,50
20,2023-11-05,20,Male,22,Clothing,3,300,900
21,2023-01-14,21,Female,50,Beauty,1,500,500
22,2023-10-15,22,Male,18,Clothing,2,50,100
23,2023-04-12,23,Female,35,Clothing,4,30,120
24,2023-11-29,24,Female,49,Clothing,1,300,300
25,2023-12-26,25,Female,64,Beauty,1,50,50
26,2023-10-07,26,Female,28,Electronics,2,500,1000
27,2023-08-03,27,Female,38,Beauty,2,25,50
28,2023-04-23,28,Female,43,Beauty,1,500,500
29,2023-08-18,29,Female,42,Electronics,1,30,30
30,2023-10-29,30,Female,39,Beauty,3,300,900
31,2023-05-23,31,Male,44,Electronics,4,300,1200
32,2023-01-04,32,Male,30,Beauty,3,30,90
33,2023-03-23,33,Female,50,Electronics,2,50,100
34,2023-12-24,34,Female,51,Clothing,3,50,150
35,2023-08-05,35,Female,58,Beauty,3,300,900
36,2023-06-24,36,Male,52,Beauty,3,300,900
37,2023-05-23,37,Female,18,Beauty,3,25,75
38,2023-03-21,38,Male,38,Beauty,4,50,200
39,2023-04-21,39,Male,23,Clothing,4,30,120
40,2023-06-22,40,Male,45,Beauty,1,50,50
41,2023-02-22,41,Male,34,Clothing,2,25,50
42,2023-02-17,42,Male,22,Clothing,3,300,900
43,2023-07-14,43,Female,48,Clothing,1,300,300
44,2023-02-19,44,Female,22,Clothing,1,25,25
45,2023-07-03,45,Female,55,Electronics,1,30,30
46,2023-06-26,46,Female,20,Electronics,4,300,1200
47,2023-11-06,47,Female,40,Beauty,3,500,1500
48,2023-05-16,48,Male,54,Electronics,3,300,900
49,2023-01-23,49,Female,54,Electronics,2,500,1000
50,2023-08-24,50,Female,27,Beauty,3,25,75
51,2023-10-02,51,Male,27,Beauty,3,25,75
52,2023-03-05,52,Female,36,Beauty,1,300,300
53,2023-07-13,53,Male,34,Electronics,2,50,100
54,2023-02-10,54,Female,38,Electronics,3,500,1500
55,2023-10-10,55,Male,31,Beauty,4,30,120
56,2023-05-31,56,Female,26,Clothing,3,300,900
57,2023-11-18,57,Female,63,Beauty,1,30,30
58,2023-11-13,58,Male,18,Clothing,4,300,1200
59,2023-07-05,59,Male,62,Clothing,1,50,50
60,2023-10-23,60,Male,30,Beauty,3,50,150
61,2023-04-09,61,Male,21,Beauty,4,50,200
62,2023-12-27,62,Male,18,Beauty,2,50,100
63,2023-02-05,63,Male,57,Electronics,2,25,50
64,2023-01-24,64,Male,49,Clothing,4,25,100
65,2023-12-05,65,Male,51,Electronics,4,500,2000
66,2023-04-27,66,Female,45,Electronics,1,30,30
67,2023-05-29,67,Female,48,Beauty,4,300,1200
68,2023-02-10,68,Male,25,Electronics,1,300,300
69,2023-04-30,69,Female,56,Beauty,3,25,75
70,2023-02-21,70,Female,43,Clothing,1,300,300
71,2023-07-14,71,Female,51,Beauty,4,25,100
72,2023-05-23,72,Female,20,Electronics,4,500,2000
73,2023-08-21,73,Male,29,Electronics,3,30,90
74,2023-11-22,74,Female,18,Beauty,4,500,2000
75,2023-07-06,75,Male,61,Beauty,4,50,200
76,2023-03-25,76,Female,22,Electronics,2,50,100
77,2023-07-09,77,Female,47,Clothing,2,50,100
78,2023-07-01,78,Female,47,Clothing,3,500,1500
79,2023-04-18,79,Male,34,Beauty,1,300,300
80,2023-12-10,80,Female,64,Clothing,2,30,60
81,2023-05-17,81,Male,40,Electronics,1,50,50
82,2023-12-26,82,Female,32,Beauty,4,50,200
83,2023-12-16,83,Male,54,Electronics,2,50,100
84,2023-11-28,84,Female,38,Electronics,3,30,90
85,2023-02-06,85,Male,31,Clothing,3,50,150
86,2023-11-08,86,Male,19,Beauty,3,30,90
87,2023-11-22,87,Female,28,Beauty,2,50,100
88,2023-03-29,88,Male,56,Clothing,1,500,500
89,2023-10-01,89,Female,55,Electronics,4,500,2000
90,2023-05-06,90,Female,51,Electronics,1,30,30
91,2023-03-25,91,Female,55,Electronics,1,500,500
92,2023-08-25,92,Female,51,Electronics,4,30,120
93,2023-07-14,93,Female,35,Beauty,4,500,2000
94,2023-05-19,94,Female,47,Beauty,2,500,1000
95,2023-11-24,95,Female,32,Clothing,2,30,60
96,2023-12-19,96,Female,44,Clothing,2,300,600
97,2023-10-13,97,Female,51,Beauty,2,500,1000
98,2023-04-23,98,Female,55,Beauty,2,50,100
99,2023-12-17,99,Female,50,Electronics,4,300,1200
100,2023-06-16,100,Male,41,Electronics,1,30,30
101,2023-01-29,101,Male,32,Clothing,2,300,600
102,2023-04-28,102,Female,47,Beauty,2,25,50
103,2023-01-17,103,Female,59,Clothing,1,25,25
104,2023-06-11,104,Female,34,Beauty,2,500,1000
105,2023-07-25,105,Female,22,Electronics,1,500,500
106,2023-05-18,106,Female,46,Clothing,1,50,50
107,2023-02-03,107,Female,21,Clothing,4,300,1200
108,2023-04-19,108,Female,27,Beauty,3,25,75
109,2023-10-18,109,Female,34,Electronics,4,500,2000
110,2023-06-11,110,Male,27,Clothing,3,300,900
111,2023-04-19,111,Female,34,Electronics,3,500,1500
112,2023-12-02,112,Male,37,Clothing,3,500,1500
113,2023-09-13,113,Female,41,Electronics,2,25,50
114,2023-07-22,114,Female,22,Beauty,4,25,100
115,2023-11-26,115,Male,51,Clothing,3,500,1500
116,2023-08-23,116,Female,23,Clothing,1,30,30
117,2023-03-15,117,Male,19,Electronics,2,500,1000
118,2023-05-16,118,Female,30,Electronics,4,500,2000
119,2023-03-13,119,Female,60,Clothing,3,50,150
120,2023-05-07,120,Male,60,Beauty,1,50,50
121,2023-10-15,121,Female,28,Electronics,4,50,200
122,2023-10-03,122,Male,64,Electronics,4,30,120
123,2023-05-15,123,Female,40,Electronics,2,30,60
124,2023-10-27,124,Male,33,Clothing,4,500,2000
125,2023-08-08,125,Male,48,Clothing,2,50,100
126,2023-10-26,126,Female,28,Clothing,3,30,90
127,2023-07-24,127,Female,33,Clothing,2,25,50
128,2023-07-05,128,Male,25,Beauty,1,500,500
129,2023-04-23,129,Female,21,Beauty,2,300,600
130,2023-03-12,130,Female,57,Clothing,1,500,500
131,2023-09-18,131,Female,21,Beauty,2,300,600
132,2023-09-10,132,Male,42,Electronics,4,50,200
133,2023-02-16,133,Male,20,Electronics,3,300,900
134,2023-01-25,134,Male,49,Electronics,1,50,50
135,2023-02-26,135,Male,20,Clothing,2,25,50
136,2023-03-20,136,Male,44,Electronics,2,300,600
137,2023-11-18,137,Male,46,Beauty,2,500,1000
138,2023-03-23,138,Male,49,Clothing,4,50,200
139,2023-12-15,139,Male,36,Beauty,4,500,2000
140,2023-08-05,140,Male,38,Electronics,1,30,30
141,2023-11-02,141,Female,22,Electronics,1,50,50
142,2023-02-02,142,Male,35,Electronics,4,300,1200
143,2023-07-17,143,Female,45,Clothing,1,50,50
144,2023-07-15,144,Female,59,Beauty,3,500,1500
145,2023-11-02,145,Female,39,Clothing,3,25,75
146,2023-08-28,146,Male,38,Clothing,4,50,200
147,2023-09-28,147,Male,23,Electronics,1,300,300
148,2023-05-09,148,Male,18,Clothing,2,30,60
149,2023-10-11,149,Male,22,Clothing,3,25,75
150,2023-01-06,150,Female,58,Electronics,4,30,120
151,2023-12-15,151,Male,29,Clothing,1,50,50
152,2023-02-28,152,Male,43,Electronics,4,500,2000
153,2023-12-16,153,Male,63,Electronics,2,500,1000
154,2023-10-02,154,Male,51,Electronics,3,300,900
155,2023-05-17,155,Male,31,Electronics,4,500,2000
156,2023-11-25,156,Female,43,Clothing,4,25,100
157,2023-06-24,157,Male,62,Electronics,4,500,2000
158,2023-02-27,158,Female,44,Electronics,2,300,600
159,2023-05-31,159,Male,26,Clothing,4,50,200
160,2023-08-11,160,Female,43,Clothing,2,50,100
161,2023-03-22,161,Male,64,Beauty,2,500,1000
162,2023-08-21,162,Male,39,Clothing,2,30,60
163,2023-01-02,163,Female,64,Clothing,3,50,150
164,2023-05-15,164,Female,47,Beauty,3,500,1500
165,2023-09-14,165,Female,60,Clothing,4,300,1200
166,2023-04-02,166,Male,34,Clothing,4,500,2000
167,2023-09-17,167,Female,43,Clothing,3,50,150
168,2023-02-24,168,Male,53,Clothing,1,300,300
169,2023-11-17,169,Male,18,Beauty,3,500,1500
170,2023-06-02,170,Female,25,Clothing,2,25,50
171,2023-11-24,171,Female,52,Clothing,3,300,900
172,2023-09-17,172,Male,32,Beauty,2,25,50
173,2023-11-08,173,Male,64,Electronics,4,30,120
174,2023-04-12,174,Female,39,Beauty,1,300,300
175,2023-03-20,175,Female,31,Electronics,4,25,100
176,2023-07-11,176,Female,43,Beauty,2,50,100
177,2023-03-24,177,Male,45,Beauty,2,50,100
178,2023-10-04,178,Male,40,Clothing,2,30,60
179,2023-09-29,179,Male,31,Electronics,1,300,300
180,2023-01-01,180,Male,41,Clothing,3,300,900
181,2023-11-03,181,Male,19,Electronics,4,300,1200
182,2023-06-15,182,Male,62,Beauty,4,30,120
183,2023-09-08,183,Female,43,Beauty,3,300,900
184,2023-01-10,184,Male,31,Electronics,4,50,200
185,2023-02-27,185,Male,24,Clothing,1,25,25
186,2023-07-05,186,Male,20,Clothing,4,50,200
187,2023-06-07,187,Female,64,Clothing,2,50,100
188,2023-05-03,188,Male,40,Clothing,3,25,75
189,2023-01-30,189,Male,63,Beauty,1,50,50
190,2023-05-04,190,Female,60,Beauty,3,30,90
191,2023-10-18,191,Male,64,Beauty,1,25,25
192,2023-02-10,192,Male,62,Beauty,2,50,100
193,2023-02-13,193,Male,35,Beauty,3,500,1500
194,2023-09-06,194,Male,55,Clothing,4,50,200
195,2023-02-05,195,Male,52,Clothing,1,30,30
196,2023-09-30,196,Female,32,Clothing,3,300,900
197,2023-03-06,197,Female,42,Clothing,4,50,200
198,2023-03-07,198,Female,54,Beauty,3,300,900
199,2023-12-04,199,Male,45,Beauty,3,500,1500
200,2023-09-01,200,Male,27,Beauty,3,50,150
201,2023-10-09,201,Male,56,Electronics,1,25,25
202,2023-03-26,202,Female,34,Clothing,4,300,1200
203,2023-05-16,203,Male,56,Clothing,2,500,1000
204,2023-09-28,204,Male,39,Beauty,1,25,25
205,2023-11-07,205,Female,43,Clothing,1,25,25
206,2023-08-05,206,Male,61,Clothing,1,25,25
207,2023-04-19,207,Female,42,Beauty,2,25,50
208,2023-10-04,208,Female,34,Electronics,4,50,200
209,2023-12-20,209,Female,30,Electronics,4,50,200
210,2023-04-13,210,Male,37,Electronics,4,50,200
211,2024-01-01,211,Male,42,Beauty,3,500,1500
212,2023-06-09,212,Male,21,Clothing,3,500,1500
213,2023-07-24,213,Male,27,Beauty,3,500,1500
214,2023-12-10,214,Male,20,Beauty,2,30,60
215,2023-11-29,215,Male,58,Clothing,3,500,1500
216,2023-07-11,216,Male,62,Electronics,2,50,100
217,2023-08-13,217,Female,35,Electronics,4,50,200
218,2023-09-22,218,Male,64,Beauty,3,30,90
219,2023-08-20,219,Female,53,Electronics,3,30,90
220,2023-03-03,220,Male,64,Beauty,1,500,500
221,2023-05-07,221,Male,39,Beauty,2,300,600
222,2023-04-26,222,Male,51,Clothing,4,30,120
223,2023-02-02,223,Female,64,Clothing,1,25,25
224,2023-06-23,224,Female,25,Clothing,1,50,50
225,2023-01-11,225,Female,57,Beauty,4,25,100
226,2023-10-29,226,Female,61,Clothing,1,50,50
227,2023-10-11,227,Male,36,Electronics,2,50,100
228,2023-04-28,228,Female,59,Electronics,2,30,60
229,2023-10-29,229,Male,58,Beauty,3,30,90
230,2023-04-23,230,Male,54,Beauty,1,25,25
231,2023-01-04,231,Female,23,Clothing,3,50,150
232,2023-02-06,232,Female,43,Beauty,1,25,25
233,2023-12-29,233,Female,51,Beauty,2,300,600
234,2023-11-20,234,Female,62,Electronics,2,25,50
235,2023-01-31,235,Female,23,Electronics,2,500,1000
236,2023-04-28,236,Female,54,Clothing,1,25,25
237,2023-02-04,237,Female,50,Beauty,2,500,1000
238,2023-01-17,238,Female,39,Beauty,1,500,500
239,2023-06-19,239,Male,38,Electronics,3,500,1500
240,2023-02-06,240,Female,23,Beauty,1,300,300
241,2023-09-21,241,Female,23,Electronics,3,25,75
242,2023-05-02,242,Male,21,Clothing,1,25,25
243,2023-05-23,243,Female,47,Electronics,3,300,900
244,2023-12-09,244,Male,28,Beauty,2,50,100
245,2023-09-06,245,Male,47,Clothing,3,30,90
246,2023-04-20,246,Female,48,Electronics,2,25,50
247,2023-10-04,247,Male,41,Electronics,2,30,60
248,2023-03-09,248,Male,26,Clothing,3,300,900
249,2023-10-20,249,Male,20,Clothing,1,50,50
250,2023-10-23,250,Male,48,Electronics,1,50,50
251,2023-08-31,251,Female,57,Beauty,4,50,200
252,2023-05-05,252,Male,54,Electronics,1,300,300
253,2023-08-31,253,Female,53,Clothing,4,500,2000
254,2023-07-28,254,Male,41,Electronics,1,500,500
255,2023-04-08,255,Male,48,Clothing,1,30,30
256,2023-02-18,256,Male,23,Clothing,2,500,1000
257,2023-02-19,257,Male,19,Beauty,4,500,2000
258,2023-12-04,258,Female,37,Clothing,1,50,50
259,2023-08-09,259,Female,45,Clothing,4,50,200
260,2023-07-01,260,Male,28,Beauty,2,30,60
261,2023-08-05,261,Male,21,Clothing,2,25,50
262,2023-07-30,262,Female,32,Beauty,4,30,120
263,2023-08-28,263,Male,23,Beauty,2,30,60
264,2023-01-28,264,Male,47,Clothing,3,300,900
265,2023-12-11,265,Male,55,Clothing,3,300,900
266,2023-12-01,266,Female,19,Electronics,2,30,60
267,2023-11-27,267,Female,32,Beauty,3,30,90
268,2023-02-20,268,Female,28,Electronics,1,30,30
269,2023-02-01,269,Male,25,Clothing,4,500,2000
270,2023-07-26,270,Male,43,Electronics,1,300,300
271,2023-06-23,271,Female,62,Beauty,4,30,120
272,2023-02-25,272,Female,61,Electronics,2,50,100
273,2023-05-08,273,Female,22,Beauty,1,50,50
274,2023-04-09,274,Female,23,Clothing,2,500,1000
275,2023-04-08,275,Male,43,Clothing,2,500,1000
276,2023-10-02,276,Female,21,Beauty,4,25,100
277,2023-08-18,277,Male,36,Clothing,4,25,100
278,2023-03-13,278,Female,37,Clothing,4,25,100
279,2023-08-05,279,Male,50,Clothing,1,500,500
280,2023-04-04,280,Female,37,Clothing,3,500,1500
281,2023-05-23,281,Female,29,Beauty,4,500,2000
282,2023-08-25,282,Female,64,Electronics,4,50,200
283,2023-05-08,283,Female,18,Electronics,1,500,500
284,2023-02-08,284,Male,43,Clothing,4,50,200
285,2023-08-15,285,Female,31,Electronics,1,25,25
286,2023-10-09,286,Male,55,Electronics,2,25,50
287,2023-02-20,287,Male,54,Clothing,4,25,100
288,2023-01-26,288,Male,28,Clothing,4,30,120
289,2023-11-30,289,Male,53,Electronics,2,30,60
290,2023-10-04,290,Female,30,Beauty,2,300,600
291,2023-01-08,291,Male,60,Clothing,2,300,600
292,2023-02-17,292,Male,20,Beauty,4,300,1200
293,2023-05-02,293,Male,50,Electronics,3,30,90
294,2023-03-27,294,Female,23,Clothing,3,30,90
295,2023-07-28,295,Female,27,Beauty,3,300,900
296,2023-09-06,296,Female,22,Clothing,4,300,1200
297,2023-09-04,297,Female,40,Electronics,2,500,1000
298,2023-04-20,298,Male,27,Beauty,4,300,1200
299,2023-07-25,299,Male,61,Electronics,2,500,1000
300,2023-01-31,300,Female,19,Electronics,4,50,200
301,2023-03-26,301,Male,30,Clothing,4,30,120
302,2023-07-14,302,Male,57,Beauty,2,300,600
303,2023-01-02,303,Male,19,Electronics,3,30,90
304,2023-07-19,304,Female,37,Electronics,2,30,60
305,2023-05-16,305,Female,18,Beauty,1,30,30
306,2023-08-21,306,Male,54,Electronics,1,50,50
307,2023-05-27,307,Female,26,Electronics,2,25,50
308,2023-08-05,308,Female,34,Beauty,4,300,1200
309,2023-12-23,309,Female,26,Beauty,1,25,25
310,2023-10-12,310,Female,28,Beauty,1,25,25
311,2023-12-05,311,Female,32,Beauty,4,25,100
312,2023-09-07,312,Male,41,Clothing,4,30,120
313,2023-03-21,313,Female,55,Beauty,3,500,1500
314,2023-04-08,314,Male,52,Clothing,4,30,120
315,2023-06-01,315,Male,47,Clothing,2,30,60
316,2023-04-22,316,Female,48,Clothing,2,25,50
317,2023-01-30,317,Male,22,Electronics,3,30,90
318,2023-10-24,318,Male,61,Clothing,1,25,25
319,2023-10-05,319,Male,31,Clothing,1,500,500
320,2023-02-01,320,Female,28,Electronics,4,300,1200
321,2023-06-10,321,Female,26,Electronics,2,25,50
322,2023-01-30,322,Male,51,Electronics,1,500,500
323,2023-01-26,323,Female,29,Beauty,3,300,900
324,2023-10-27,324,Female,52,Electronics,3,50,150
325,2023-09-02,325,Female,52,Electronics,2,25,50
326,2023-09-15,326,Female,18,Clothing,3,25,75
327,2023-09-29,327,Male,57,Electronics,3,50,150
328,2023-03-22,328,Male,39,Beauty,2,50,100
329,2023-01-30,329,Female,46,Electronics,4,25,100
330,2023-09-18,330,Female,25,Beauty,4,50,200
331,2023-02-11,331,Male,28,Electronics,3,30,90
332,2023-04-06,332,Male,58,Electronics,4,300,1200
333,2023-02-05,333,Female,54,Electronics,4,300,1200
334,2023-11-01,334,Male,31,Electronics,3,300,900
335,2023-02-04,335,Female,47,Beauty,4,30,120
336,2023-12-12,336,Female,52,Beauty,3,50,150
337,2023-05-01,337,Male,38,Clothing,1,500,500
338,2023-07-26,338,Male,54,Beauty,2,50,100
339,2023-03-03,339,Female,22,Electronics,2,25,50
340,2023-10-19,340,Female,36,Clothing,4,300,1200
341,2023-05-07,341,Male,31,Clothing,4,50,200
342,2023-10-24,342,Female,43,Clothing,4,500,2000
343,2023-11-01,343,Male,21,Electronics,2,25,50
344,2023-01-21,344,Female,42,Beauty,1,30,30
345,2023-11-14,345,Male,62,Electronics,1,30,30
346,2023-02-11,346,Male,59,Clothing,2,500,1000
347,2023-08-03,347,Male,42,Electronics,1,25,25
348,2023-12-03,348,Female,35,Electronics,2,300,600
349,2023-10-26,349,Female,57,Beauty,1,50,50
350,2023-10-17,350,Male,25,Beauty,3,25,75
351,2023-09-25,351,Female,56,Clothing,3,30,90
352,2023-06-11,352,Male,57,Electronics,2,500,1000
353,2023-05-14,353,Male,31,Electronics,1,500,500
354,2023-04-15,354,Female,49,Beauty,4,50,200
355,2023-12-09,355,Female,55,Electronics,1,500,500
356,2023-06-10,356,Male,50,Electronics,3,500,1500
357,2023-05-03,357,Female,40,Electronics,3,25,75
358,2023-05-16,358,Female,32,Beauty,1,300,300
359,2023-07-22,359,Male,50,Clothing,1,50,50
360,2023-03-09,360,Male,42,Clothing,4,25,100
361,2023-12-10,361,Female,34,Electronics,4,300,1200
362,2023-11-27,362,Male,50,Clothing,1,25,25
363,2023-06-03,363,Male,64,Beauty,1,25,25
364,2023-08-23,364,Female,19,Beauty,1,500,500
365,2023-06-11,365,Male,31,Clothing,1,300,300
366,2023-02-07,366,Male,57,Clothing,2,50,100
367,2023-01-05,367,Female,57,Electronics,1,50,50
368,2023-08-23,368,Female,56,Clothing,4,300,1200
369,2023-11-15,369,Male,23,Electronics,3,500,1500
370,2023-10-16,370,Male,23,Electronics,2,30,60
371,2023-02-21,371,Female,20,Beauty,1,25,25
372,2023-02-07,372,Female,24,Beauty,3,500,1500
373,2023-10-03,373,Female,25,Beauty,2,300,600
374,2023-04-20,374,Female,59,Beauty,3,25,75
375,2023-09-17,375,Male,32,Clothing,1,50,50
376,2023-05-16,376,Female,64,Beauty,1,30,30
377,2023-03-09,377,Female,46,Clothing,4,50,200
378,2023-06-28,378,Male,50,Beauty,1,300,300
379,2023-02-05,379,Female,47,Clothing,1,25,25
380,2023-05-06,380,Male,56,Electronics,2,300,600
381,2023-07-09,381,Female,44,Clothing,4,25,100
382,2023-05-26,382,Female,53,Clothing,2,500,1000
383,2023-03-22,383,Female,46,Beauty,3,30,90
384,2023-08-13,384,Male,55,Clothing,1,500,500
385,2023-10-06,385,Male,50,Electronics,3,500,1500
386,2023-12-27,386,Female,54,Electronics,2,300,600
387,2023-06-04,387,Male,44,Beauty,1,30,30
388,2023-11-10,388,Male,50,Electronics,1,25,25
389,2023-12-01,389,Male,21,Clothing,2,25,50
390,2023-09-28,390,Male,39,Electronics,2,50,100
391,2023-01-05,391,Male,19,Beauty,2,25,50
392,2023-12-08,392,Male,27,Clothing,2,300,600
393,2023-10-11,393,Female,22,Beauty,2,500,1000
394,2023-06-03,394,Female,27,Clothing,1,500,500
395,2023-12-06,395,Male,50,Electronics,2,500,1000
396,2023-02-23,396,Female,55,Beauty,1,30,30
397,2023-03-10,397,Female,30,Beauty,1,25,25
398,2023-05-16,398,Female,48,Clothing,2,300,600
399,2023-03-01,399,Female,64,Beauty,2,30,60
400,2023-02-24,400,Male,53,Clothing,4,50,200
401,2023-10-11,401,Female,62,Clothing,1,300,300
402,2023-03-21,402,Female,41,Clothing,2,300,600
403,2023-05-20,403,Male,32,Clothing,2,300,600
404,2023-05-25,404,Male,46,Electronics,2,500,1000
405,2023-11-06,405,Female,25,Clothing,4,300,1200
406,2023-04-18,406,Female,22,Beauty,4,25,100
407,2023-06-25,407,Female,46,Electronics,3,300,900
408,2023-04-15,408,Female,64,Beauty,1,500,500
409,2023-12-18,409,Female,21,Electronics,3,300,900
410,2023-11-21,410,Female,29,Clothing,2,50,100
411,2023-05-16,411,Male,62,Electronics,4,50,200
412,2023-09-16,412,Female,19,Electronics,4,500,2000
413,2023-09-08,413,Female,44,Beauty,3,25,75
414,2023-05-09,414,Male,48,Beauty,4,25,100
415,2023-01-27,415,Male,53,Clothing,2,30,60
416,2023-02-17,416,Male,53,Electronics,4,500,2000
417,2023-11-21,417,Male,43,Electronics,3,300,900
418,2023-08-05,418,Female,60,Electronics,2,500,1000
419,2023-05-22,419,Female,44,Clothing,3,30,90
420,2023-01-23,420,Female,22,Clothing,4,500,2000
421,2023-01-02,421,Female,37,Clothing,3,500,1500
422,2023-06-20,422,Female,28,Clothing,3,30,90
423,2023-03-08,423,Female,27,Clothing,1,25,25
424,2023-11-23,424,Male,57,Beauty,4,300,1200
425,2023-05-15,425,Female,55,Electronics,4,30,120
426,2023-03-24,426,Male,23,Electronics,3,50,150
427,2023-08-15,427,Male,25,Electronics,1,25,25
428,2023-10-10,428,Female,40,Electronics,4,50,200
429,2023-12-28,429,Male,64,Electronics,2,25,50
430,2023-08-07,430,Female,43,Electronics,3,300,900
431,2023-10-15,431,Male,63,Electronics,4,300,1200
432,2023-01-05,432,Female,60,Electronics,2,500,1000
433,2023-02-27,433,Male,29,Beauty,4,50,200
434,2023-02-08,434,Female,43,Electronics,2,25,50
435,2023-12-20,435,Female,30,Beauty,3,300,900
436,2023-03-18,436,Female,57,Clothing,4,30,120
437,2023-10-07,437,Female,35,Electronics,4,300,1200
438,2023-01-19,438,Female,42,Clothing,1,30,30
439,2023-07-09,439,Male,50,Clothing,3,25,75
440,2023-10-26,440,Male,64,Clothing,2,300,600
441,2023-10-10,441,Male,57,Beauty,4,300,1200
442,2023-03-17,442,Female,60,Clothing,4,25,100
443,2023-08-09,443,Male,29,Clothing,2,300,600
444,2023-03-07,444,Female,61,Clothing,3,30,90
445,2023-01-22,445,Female,53,Electronics,1,300,300
446,2023-06-07,446,Male,21,Electronics,1,50,50
447,2023-07-06,447,Male,22,Beauty,4,500,2000
448,2023-01-21,448,Female,54,Beauty,2,30,60
449,2023-07-03,449,Male,25,Electronics,4,50,200
450,2023-04-18,450,Female,59,Beauty,2,25,50
451,2023-12-16,451,Female,45,Electronics,1,30,30
452,2023-05-08,452,Female,48,Clothing,3,500,1500
453,2023-12-08,453,Female,26,Clothing,2,500,1000
454,2023-02-22,454,Female,46,Beauty,1,25,25
455,2023-07-01,455,Male,31,Electronics,4,25,100
456,2023-10-14,456,Male,57,Electronics,2,30,60
457,2023-07-28,457,Female,58,Beauty,3,300,900
458,2023-11-14,458,Female,39,Electronics,4,25,100
459,2023-03-21,459,Male,28,Clothing,4,300,1200
460,2023-05-02,460,Male,40,Beauty,1,50,50
461,2023-03-25,461,Female,18,Beauty,2,500,1000
462,2023-04-01,462,Male,63,Electronics,4,300,1200
463,2023-07-31,463,Female,54,Beauty,3,500,1500
464,2023-01-13,464,Male,38,Electronics,2,300,600
465,2023-04-02,465,Female,43,Electronics,3,50,150
466,2023-06-20,466,Male,63,Electronics,4,25,100
467,2023-07-30,467,Female,53,Electronics,3,50,150
468,2023-12-09,468,Male,40,Electronics,1,25,25
469,2023-05-08,469,Male,18,Beauty,3,25,75
470,2023-05-17,470,Female,57,Clothing,2,500,1000
471,2023-03-23,471,Male,32,Clothing,3,50,150
472,2023-12-26,472,Female,38,Beauty,3,300,900
473,2023-02-25,473,Male,64,Beauty,1,50,50
474,2023-07-15,474,Female,26,Clothing,3,500,1500
475,2023-01-20,475,Male,26,Clothing,3,25,75
476,2023-08-29,476,Female,27,Clothing,4,500,2000
477,2023-04-24,477,Male,43,Clothing,4,30,120
478,2023-04-13,478,Female,58,Clothing,2,30,60
479,2023-08-24,479,Male,52,Electronics,4,300,1200
480,2023-06-29,480,Female,42,Beauty,4,500,2000
481,2023-06-06,481,Female,43,Electronics,4,300,1200
482,2023-04-27,482,Female,28,Clothing,4,300,1200
483,2023-04-25,483,Male,55,Clothing,1,30,30
484,2023-01-13,484,Female,19,Clothing,4,300,1200
485,2023-12-04,485,Male,24,Electronics,1,30,30
486,2023-04-09,486,Female,35,Electronics,1,25,25
487,2023-07-24,487,Male,44,Clothing,4,500,2000
488,2023-06-18,488,Female,51,Electronics,3,300,900
489,2023-05-23,489,Male,44,Electronics,1,30,30
490,2023-02-05,490,Male,34,Clothing,3,50,150
491,2023-05-23,491,Female,60,Electronics,3,300,900
492,2023-06-29,492,Male,61,Beauty,4,25,100
493,2023-11-25,493,Male,41,Beauty,2,25,50
494,2023-09-18,494,Female,42,Beauty,4,50,200
495,2023-07-24,495,Male,24,Beauty,2,30,60
496,2023-12-14,496,Male,23,Clothing,2,300,600
497,2023-10-02,497,Male,41,Clothing,4,30,120
498,2023-06-19,498,Female,50,Clothing,4,25,100
499,2023-01-15,499,Male,46,Beauty,2,30,60
500,2023-03-01,500,Female,60,Beauty,4,25,100
501,2023-05-14,501,Male,39,Electronics,2,30,60
502,2023-04-02,502,Male,43,Electronics,3,50,150
503,2023-10-25,503,Male,45,Beauty,4,500,2000
504,2023-05-16,504,Female,38,Beauty,3,50,150
505,2023-01-20,505,Male,24,Beauty,1,50,50
506,2023-02-25,506,Male,34,Beauty,3,500,1500
507,2023-11-02,507,Female,37,Electronics,3,500,1500
508,2023-08-11,508,Male,58,Beauty,2,300,600
509,2023-06-26,509,Female,37,Electronics,3,300,900
510,2023-06-10,510,Female,39,Beauty,4,50,200
511,2023-08-12,511,Male,45,Beauty,2,50,100
512,2023-11-07,512,Female,57,Beauty,1,25,25
513,2023-09-19,513,Male,24,Electronics,4,25,100
514,2023-03-01,514,Female,18,Electronics,1,300,300
515,2023-07-17,515,Female,49,Clothing,3,300,900
516,2023-10-23,516,Male,30,Beauty,4,25,100
517,2023-04-08,517,Female,47,Clothing,4,25,100
518,2023-05-11,518,Female,40,Clothing,1,30,30
519,2023-01-23,519,Female,36,Electronics,4,30,120
520,2023-12-29,520,Female,49,Electronics,4,25,100
521,2023-08-12,521,Female,47,Clothing,4,30,120
522,2023-01-01,522,Male,46,Beauty,3,500,1500
523,2023-09-24,523,Female,62,Electronics,1,300,300
524,2023-10-03,524,Male,46,Beauty,4,300,1200
525,2023-12-18,525,Female,47,Beauty,2,25,50
526,2023-12-10,526,Male,33,Clothing,2,50,100
527,2023-04-11,527,Male,57,Clothing,2,25,50
528,2023-07-06,528,Female,36,Clothing,2,30,60
529,2023-08-09,529,Female,35,Clothing,3,50,150
530,2023-02-05,530,Female,18,Electronics,4,30,120
531,2023-12-07,531,Male,31,Electronics,1,500,500
532,2023-06-19,532,Female,64,Clothing,4,30,120
533,2023-11-16,533,Male,19,Electronics,3,500,1500
534,2023-06-10,534,Male,45,Clothing,2,500,1000
535,2023-12-06,535,Male,47,Beauty,3,30,90
536,2023-03-05,536,Female,55,Beauty,4,30,120
537,2023-06-03,537,Female,21,Beauty,1,500,500
538,2023-09-17,538,Male,18,Clothing,3,50,150
539,2023-06-08,539,Male,25,Beauty,1,500,500
540,2023-12-08,540,Female,46,Electronics,3,300,900
541,2023-07-29,541,Male,56,Beauty,1,500,500
542,2023-06-17,542,Female,20,Beauty,1,50,50
543,2023-07-26,543,Male,49,Beauty,2,300,600
544,2023-12-23,544,Female,27,Electronics,1,25,25
545,2023-06-01,545,Male,27,Clothing,2,25,50
546,2023-10-11,546,Female,36,Electronics,4,50,200
547,2023-03-07,547,Male,63,Clothing,4,500,2000
548,2023-04-09,548,Female,51,Clothing,2,30,60
549,2023-08-04,549,Female,50,Beauty,2,50,100
550,2023-12-07,550,Male,40,Clothing,3,300,900
551,2023-07-14,551,Male,45,Electronics,3,300,900
552,2023-12-13,552,Female,49,Electronics,3,25,75
553,2023-03-31,553,Male,24,Clothing,4,300,1200
554,2023-11-12,554,Female,46,Beauty,3,50,150
555,2023-10-19,555,Male,25,Beauty,1,300,300
556,2023-06-04,556,Female,18,Electronics,1,50,50
557,2023-07-27,557,Female,20,Beauty,3,30,90
558,2023-10-08,558,Female,41,Clothing,1,25,25
559,2023-01-01,559,Female,40,Clothing,4,300,1200
560,2023-06-05,560,Female,25,Electronics,1,50,50
561,2023-05-27,561,Female,64,Clothing,4,500,2000
562,2023-04-18,562,Male,54,Electronics,2,25,50
563,2023-08-09,563,Male,20,Clothing,2,30,60
564,2023-10-24,564,Male,50,Electronics,2,50,100
565,2023-11-07,565,Female,45,Beauty,2,30,60
566,2023-12-02,566,Female,64,Clothing,1,30,30
567,2023-06-14,567,Female,25,Clothing,3,300,900
568,2023-08-27,568,Female,51,Electronics,1,300,300
569,2023-08-15,569,Male,52,Electronics,4,50,200
570,2023-08-15,570,Male,49,Clothing,1,500,500
571,2023-12-12,571,Female,41,Electronics,1,50,50
572,2023-04-20,572,Male,31,Clothing,4,500,2000
573,2023-09-19,573,Male,49,Beauty,2,30,60
574,2023-08-31,574,Female,63,Electronics,2,25,50
575,2023-03-28,575,Male,60,Clothing,2,50,100
576,2023-12-04,576,Female,33,Beauty,3,50,150
577,2023-02-13,577,Male,21,Beauty,4,500,2000
578,2023-05-26,578,Female,54,Clothing,4,30,120
579,2023-09-21,579,Female,38,Electronics,1,30,30
580,2023-12-06,580,Female,31,Clothing,3,500,1500
581,2023-11-21,581,Female,48,Beauty,2,30,60
582,2023-11-14,582,Male,35,Clothing,3,300,900
583,2023-06-21,583,Female,24,Electronics,4,25,100
584,2023-02-17,584,Female,27,Beauty,4,50,200
585,2023-05-01,585,Female,24,Clothing,1,25,25
586,2023-12-11,586,Male,50,Electronics,1,50,50
587,2023-06-08,587,Female,40,Beauty,4,300,1200
588,2023-04-26,588,Male,38,Electronics,2,30,60
589,2023-04-12,589,Female,36,Beauty,2,500,1000
590,2023-03-17,590,Male,36,Clothing,3,300,900
591,2023-01-13,591,Male,53,Electronics,4,25,100
592,2023-01-24,592,Female,46,Beauty,4,500,2000
593,2023-05-06,593,Male,35,Electronics,2,30,60
594,2023-09-01,594,Female,19,Electronics,2,300,600
595,2023-11-09,595,Female,18,Clothing,4,500,2000
596,2023-02-07,596,Female,64,Electronics,1,300,300
597,2023-08-22,597,Male,22,Beauty,4,300,1200
598,2023-08-01,598,Male,37,Beauty,4,30,120
599,2023-11-19,599,Female,28,Beauty,2,50,100
600,2023-10-22,600,Female,59,Beauty,2,500,1000
601,2023-04-10,601,Male,19,Clothing,1,30,30
602,2023-12-23,602,Female,20,Electronics,1,300,300
603,2023-07-16,603,Female,40,Clothing,3,30,90
604,2023-09-11,604,Female,29,Electronics,4,50,200
605,2023-07-24,605,Male,37,Electronics,2,500,1000
606,2023-05-05,606,Male,22,Electronics,1,50,50
607,2023-03-17,607,Male,54,Clothing,3,25,75
608,2023-12-02,608,Female,55,Electronics,3,500,1500
609,2023-12-19,609,Female,47,Clothing,2,50,100
610,2023-01-03,610,Female,26,Beauty,2,300,600
611,2023-02-24,611,Male,51,Beauty,3,500,1500
612,2023-08-06,612,Female,61,Electronics,1,500,500
613,2023-04-23,613,Female,52,Clothing,3,30,90
614,2023-04-01,614,Female,39,Beauty,4,300,1200
615,2023-12-23,615,Female,61,Clothing,4,25,100
616,2023-09-23,616,Male,41,Clothing,2,50,100
617,2023-08-26,617,Male,34,Electronics,1,30,30
618,2023-01-26,618,Female,27,Beauty,1,50,50
619,2023-10-13,619,Male,47,Electronics,4,25,100
620,2023-05-08,620,Male,63,Electronics,3,25,75
621,2023-03-04,621,Female,40,Beauty,2,500,1000
622,2023-08-22,622,Female,49,Beauty,3,25,75
623,2023-03-10,623,Male,34,Clothing,3,50,150
624,2023-08-26,624,Female,34,Beauty,3,300,900
625,2023-12-08,625,Male,31,Clothing,1,300,300
626,2023-09-29,626,Female,26,Clothing,4,500,2000
627,2023-10-14,627,Male,57,Clothing,1,50,50
628,2023-11-01,628,Female,19,Beauty,4,50,200
629,2023-06-12,629,Male,62,Electronics,2,25,50
630,2023-08-15,630,Male,42,Clothing,2,50,100
631,2023-11-10,631,Male,56,Electronics,3,30,90
632,2023-09-16,632,Female,26,Electronics,4,25,100
633,2023-08-07,633,Male,39,Beauty,4,30,120
634,2023-10-08,634,Male,60,Electronics,4,500,2000
635,2023-08-17,635,Female,63,Electronics,3,300,900
636,2023-03-23,636,Female,21,Beauty,3,500,1500
637,2023-09-01,637,Male,43,Clothing,2,300,600
638,2023-08-19,638,Male,46,Electronics,1,500,500
639,2023-05-13,639,Female,62,Beauty,4,50,200
640,2023-05-07,640,Female,51,Electronics,4,30,120
641,2023-11-23,641,Female,40,Electronics,1,300,300
642,2023-05-22,642,Female,54,Clothing,4,25,100
643,2023-09-24,643,Female,28,Electronics,3,30,90
644,2023-09-06,644,Male,23,Beauty,3,25,75
645,2023-11-17,645,Female,35,Electronics,4,30,120
646,2023-05-03,646,Male,38,Clothing,3,30,90
647,2023-05-21,647,Male,59,Clothing,3,500,1500
648,2023-08-14,648,Male,53,Beauty,4,300,1200
649,2023-02-09,649,Female,58,Clothing,2,300,600
650,2024-01-01,650,Male,55,Electronics,1,30,30
651,2023-05-27,651,Male,51,Clothing,3,50,150
652,2023-05-01,652,Female,34,Beauty,2,50,100
653,2023-05-20,653,Male,54,Clothing,3,25,75
654,2023-06-21,654,Male,42,Clothing,3,25,75
655,2023-06-13,655,Female,55,Clothing,1,500,500
656,2023-10-04,656,Male,29,Beauty,3,30,90
657,2023-02-11,657,Male,40,Clothing,1,25,25
658,2023-03-12,658,Male,59,Clothing,1,25,25
659,2023-03-19,659,Female,39,Electronics,1,30,30
660,2023-04-29,660,Female,38,Beauty,2,500,1000
661,2023-07-16,661,Female,44,Clothing,4,25,100
662,2023-12-22,662,Male,48,Beauty,2,500,1000
663,2023-03-20,663,Male,23,Clothing,4,300,1200
664,2023-12-28,664,Female,44,Clothing,4,500,2000
665,2023-04-20,665,Male,57,Clothing,1,50,50
666,2023-02-02,666,Male,51,Electronics,3,50,150
667,2023-08-01,667,Female,29,Electronics,1,500,500
668,2023-07-28,668,Female,62,Electronics,3,50,150
669,2023-06-19,669,Male,24,Beauty,4,300,1200
670,2023-10-05,670,Male,27,Beauty,1,30,30
671,2023-08-27,671,Male,62,Electronics,3,50,150
672,2023-08-01,672,Female,34,Beauty,2,50,100
673,2023-02-01,673,Female,43,Clothing,3,500,1500
674,2023-04-16,674,Female,38,Clothing,1,300,300
675,2023-08-04,675,Female,45,Clothing,2,30,60
676,2023-07-19,676,Male,63,Electronics,3,500,1500
677,2023-10-27,677,Female,19,Beauty,3,500,1500
678,2023-12-23,678,Female,60,Electronics,3,300,900
679,2023-01-11,679,Female,18,Beauty,3,30,90
680,2023-10-22,680,Female,53,Clothing,3,300,900
681,2023-07-14,681,Female,43,Electronics,2,30,60
682,2023-09-02,682,Male,46,Beauty,4,300,1200
683,2023-01-04,683,Male,38,Beauty,2,500,1000
684,2023-06-30,684,Female,28,Clothing,2,500,1000
685,2023-06-02,685,Male,57,Electronics,2,25,50
686,2023-07-19,686,Female,28,Electronics,4,50,200
687,2023-08-03,687,Female,53,Electronics,1,300,300
688,2023-10-03,688,Male,56,Clothing,4,25,100
689,2023-10-07,689,Male,57,Electronics,2,50,100
690,2023-11-05,690,Female,52,Clothing,3,300,900
691,2023-04-23,691,Female,51,Clothing,3,30,90
692,2023-09-07,692,Female,64,Clothing,2,50,100
693,2023-04-23,693,Male,41,Beauty,3,500,1500
694,2023-05-20,694,Female,39,Electronics,2,25,50
695,2023-08-12,695,Female,22,Electronics,3,50,150
696,2023-09-06,696,Female,50,Clothing,4,50,200
697,2023-01-15,697,Male,53,Clothing,1,500,500
698,2023-07-19,698,Female,64,Electronics,1,300,300
699,2023-06-22,699,Female,37,Clothing,4,30,120
700,2023-12-09,700,Male,36,Electronics,4,500,2000
701,2023-12-14,701,Female,52,Beauty,2,30,60
702,2023-07-27,702,Female,60,Clothing,2,300,600
703,2023-03-26,703,Male,34,Electronics,2,50,100
704,2023-08-28,704,Female,62,Clothing,3,30,90
705,2023-03-07,705,Male,60,Electronics,2,25,50
706,2023-11-15,706,Male,51,Electronics,4,25,100
707,2023-10-01,707,Female,26,Clothing,1,500,500
708,2023-01-14,708,Female,43,Beauty,3,300,900
709,2023-07-21,709,Female,19,Electronics,2,500,1000
710,2023-10-31,710,Female,26,Electronics,3,500,1500
711,2023-10-16,711,Male,26,Electronics,3,500,1500
712,2023-12-06,712,Female,57,Beauty,2,25,50
713,2023-01-14,713,Male,34,Beauty,3,25,75
714,2023-02-12,714,Female,18,Clothing,1,500,500
715,2023-11-26,715,Female,42,Beauty,4,25,100
716,2023-08-08,716,Female,60,Clothing,4,300,1200
717,2023-03-11,717,Male,57,Clothing,1,500,500
718,2023-08-25,718,Female,59,Beauty,3,25,75
719,2023-04-04,719,Female,42,Clothing,2,30,60
720,2023-01-26,720,Female,56,Beauty,3,500,1500
721,2023-05-14,721,Female,52,Clothing,1,500,500
722,2023-07-14,722,Male,20,Beauty,3,300,900
723,2023-06-17,723,Female,54,Beauty,4,50,200
724,2023-04-19,724,Male,61,Clothing,3,50,150
725,2023-08-21,725,Male,61,Electronics,1,300,300
726,2023-06-17,726,Male,47,Clothing,4,300,1200
727,2023-06-22,727,Male,55,Beauty,3,300,900
728,2023-07-14,728,Male,51,Electronics,3,50,150
729,2023-05-23,729,Male,29,Clothing,4,300,1200
730,2023-08-04,730,Female,36,Clothing,2,25,50
731,2023-05-10,731,Male,54,Clothing,4,500,2000
732,2023-02-11,732,Male,61,Electronics,2,500,1000
733,2023-08-29,733,Male,34,Beauty,1,30,30
734,2023-01-10,734,Female,27,Clothing,1,30,30
735,2023-10-04,735,Female,64,Clothing,4,500,2000
736,2023-01-27,736,Male,29,Clothing,4,25,100
737,2023-06-29,737,Female,33,Clothing,1,50,50
738,2023-04-25,738,Male,41,Clothing,2,50,100
739,2023-11-29,739,Male,36,Beauty,1,25,25
740,2023-02-05,740,Female,25,Beauty,4,50,200
741,2023-11-30,741,Male,48,Clothing,1,300,300
742,2023-01-21,742,Female,38,Electronics,4,500,2000
743,2023-01-16,743,Female,34,Beauty,4,500,2000
744,2023-05-07,744,Male,40,Electronics,1,25,25
745,2023-04-13,745,Male,54,Beauty,2,50,100
746,2023-01-11,746,Female,33,Clothing,3,30,90
747,2023-11-15,747,Male,23,Beauty,1,30,30
748,2023-03-20,748,Male,25,Clothing,3,50,150
749,2023-05-03,749,Male,42,Beauty,1,30,30
750,2023-03-06,750,Female,35,Clothing,3,25,75
751,2023-08-31,751,Female,42,Clothing,2,25,50
752,2023-12-09,752,Male,29,Clothing,2,50,100
753,2023-02-28,753,Female,32,Clothing,1,30,30
754,2023-10-16,754,Female,43,Electronics,4,25,100
755,2023-04-22,755,Female,58,Clothing,3,25,75
756,2023-08-27,756,Female,62,Electronics,4,300,1200
757,2023-12-25,757,Female,43,Electronics,4,300,1200
758,2023-05-12,758,Male,64,Clothing,4,25,100
759,2023-07-08,759,Male,49,Electronics,2,50,100
760,2023-03-27,760,Male,27,Beauty,1,500,500
761,2023-11-07,761,Female,33,Clothing,1,500,500
762,2023-11-07,762,Female,24,Electronics,2,25,50
763,2023-02-28,763,Male,34,Clothing,2,25,50
764,2023-03-25,764,Female,40,Clothing,1,25,25
765,2023-06-09,765,Male,43,Clothing,4,50,200
766,2023-02-25,766,Male,38,Electronics,3,300,900
767,2023-10-24,767,Male,39,Beauty,3,25,75
768,2023-01-14,768,Female,24,Beauty,3,25,75
769,2023-06-09,769,Female,31,Electronics,4,30,120
770,2023-10-22,770,Male,32,Clothing,1,50,50
771,2023-12-13,771,Male,24,Electronics,2,25,50
772,2023-07-12,772,Male,26,Electronics,1,30,30
773,2023-07-23,773,Male,25,Electronics,4,500,2000
774,2023-04-12,774,Female,40,Clothing,2,25,50
775,2023-02-08,775,Female,46,Electronics,4,25,100
776,2023-10-31,776,Male,35,Clothing,3,30,90
777,2023-12-20,777,Male,48,Electronics,3,50,150
778,2023-11-18,778,Female,47,Beauty,4,25,100
779,2023-05-05,779,Female,56,Electronics,2,500,1000
780,2023-02-22,780,Male,52,Electronics,2,25,50
781,2023-12-23,781,Male,35,Beauty,1,500,500
782,2023-06-04,782,Male,59,Clothing,3,300,900
783,2023-12-17,783,Female,56,Clothing,1,300,300
784,2023-11-04,784,Female,34,Electronics,1,500,500
785,2023-03-03,785,Female,31,Beauty,4,50,200
786,2023-10-17,786,Male,48,Clothing,4,25,100
787,2023-01-22,787,Male,41,Electronics,1,25,25
788,2023-06-27,788,Female,52,Beauty,3,300,900
789,2023-09-30,789,Female,61,Clothing,4,500,2000
790,2023-08-08,790,Male,62,Clothing,1,25,25
791,2023-12-05,791,Female,51,Beauty,1,25,25
792,2023-07-09,792,Female,20,Beauty,1,50,50
793,2023-02-05,793,Male,54,Beauty,1,30,30
794,2023-09-17,794,Female,60,Beauty,1,300,300
795,2023-11-28,795,Male,57,Electronics,1,300,300
796,2023-06-24,796,Male,43,Beauty,4,30,120
797,2023-01-07,797,Male,40,Clothing,3,25,75
798,2023-08-04,798,Male,61,Clothing,1,50,50
799,2023-09-08,799,Male,56,Electronics,2,50,100
800,2023-02-24,800,Male,32,Clothing,4,300,1200
801,2023-08-10,801,Male,21,Clothing,4,50,200
802,2023-07-05,802,Female,46,Beauty,1,30,30
803,2023-11-22,803,Male,39,Clothing,4,25,100
804,2023-08-24,804,Male,42,Electronics,1,30,30
805,2023-12-29,805,Female,30,Beauty,3,500,1500
806,2023-03-20,806,Female,35,Beauty,3,300,900
807,2023-08-11,807,Female,50,Electronics,4,50,200
808,2023-04-01,808,Male,33,Beauty,4,500,2000
809,2023-09-25,809,Female,62,Beauty,2,50,100
810,2023-11-30,810,Male,59,Electronics,4,25,100
811,2023-05-19,811,Male,61,Beauty,2,25,50
812,2023-11-12,812,Male,19,Electronics,3,25,75
813,2023-10-03,813,Male,52,Electronics,3,50,150
814,2023-09-05,814,Female,59,Clothing,1,500,500
815,2023-08-27,815,Female,51,Clothing,3,25,75
816,2023-08-12,816,Male,47,Beauty,2,500,1000
817,2023-10-31,817,Male,30,Beauty,4,50,200
818,2023-05-18,818,Male,30,Electronics,1,500,500
819,2023-06-15,819,Female,35,Beauty,2,50,100
820,2023-05-06,820,Male,49,Electronics,4,50,200
821,2023-02-14,821,Male,49,Electronics,1,300,300
822,2023-05-23,822,Female,52,Beauty,3,50,150
823,2023-08-19,823,Female,56,Electronics,2,50,100
824,2023-05-05,824,Male,63,Clothing,4,30,120
825,2023-08-26,825,Female,46,Beauty,1,25,25
826,2023-10-19,826,Female,46,Clothing,1,300,300
827,2023-11-09,827,Male,61,Beauty,3,300,900
828,2023-12-09,828,Female,33,Electronics,4,300,1200
829,2023-07-14,829,Male,61,Beauty,3,30,90
830,2023-06-22,830,Female,64,Clothing,3,50,150
831,2023-01-15,831,Male,27,Electronics,4,25,100
832,2023-09-11,832,Male,47,Beauty,4,500,2000
833,2023-06-16,833,Male,42,Beauty,4,50,200
834,2023-04-04,834,Female,56,Beauty,2,30,60
835,2023-09-07,835,Male,37,Clothing,4,50,200
836,2023-04-19,836,Female,22,Clothing,1,50,50
837,2023-07-01,837,Male,18,Beauty,3,30,90
838,2023-05-13,838,Male,47,Electronics,2,300,600
839,2023-06-24,839,Female,20,Electronics,4,300,1200
840,2023-05-24,840,Male,62,Clothing,2,25,50
841,2023-11-02,841,Male,31,Electronics,4,25,100
842,2023-12-26,842,Female,47,Clothing,2,300,600
843,2023-05-22,843,Male,21,Beauty,3,500,1500
844,2023-10-12,844,Male,35,Clothing,3,50,150
845,2023-01-06,845,Male,54,Clothing,1,500,500
846,2023-09-22,846,Male,42,Beauty,1,50,50
847,2023-04-08,847,Female,18,Electronics,4,300,1200
848,2023-02-13,848,Female,63,Clothing,3,25,75
849,2023-05-04,849,Male,32,Clothing,2,25,50
850,2023-07-28,850,Female,26,Beauty,2,500,1000
851,2023-09-08,851,Male,32,Electronics,2,25,50
852,2023-10-12,852,Female,41,Clothing,1,300,300
853,2023-05-04,853,Male,21,Beauty,2,500,1000
854,2023-12-20,854,Male,29,Clothing,1,50,50
855,2023-09-01,855,Male,54,Beauty,1,25,25
856,2023-11-27,856,Male,54,Electronics,4,30,120
857,2023-12-31,857,Male,60,Electronics,2,25,50
858,2023-09-09,858,Male,23,Electronics,2,50,100
859,2023-08-18,859,Female,56,Electronics,3,500,1500
860,2023-01-09,860,Male,63,Clothing,4,50,200
861,2023-02-17,861,Female,41,Clothing,3,30,90
862,2023-05-31,862,Male,28,Electronics,4,300,1200
863,2023-04-24,863,Female,30,Electronics,2,25,50
864,2023-07-27,864,Female,51,Electronics,1,500,500
865,2023-12-21,865,Female,42,Clothing,1,300,300
866,2023-05-05,866,Male,24,Electronics,1,50,50
867,2023-06-06,867,Male,21,Electronics,1,500,500
868,2023-12-06,868,Female,25,Electronics,1,300,300
869,2023-10-25,869,Male,37,Beauty,3,500,1500
870,2023-07-08,870,Female,46,Electronics,4,30,120
871,2023-08-31,871,Male,62,Beauty,2,30,60
872,2023-10-11,872,Female,63,Beauty,3,25,75
873,2023-09-29,873,Female,27,Electronics,4,25,100
874,2023-06-26,874,Male,60,Beauty,1,30,30
875,2023-08-06,875,Female,51,Electronics,4,500,2000
876,2023-10-09,876,Male,43,Clothing,4,30,120
877,2023-06-19,877,Female,58,Clothing,1,25,25
878,2023-06-30,878,Female,20,Clothing,1,30,30
879,2023-12-26,879,Male,23,Clothing,1,30,30
880,2023-08-21,880,Male,22,Beauty,2,500,1000
881,2023-05-19,881,Male,22,Electronics,1,300,300
882,2023-06-06,882,Female,64,Electronics,2,25,50
883,2023-05-09,883,Male,40,Electronics,1,500,500
884,2023-04-29,884,Female,26,Clothing,2,30,60
885,2023-03-03,885,Female,52,Clothing,4,30,120
886,2023-04-09,886,Male,37,Electronics,3,300,900
887,2023-06-11,887,Male,59,Clothing,4,25,100
888,2023-03-03,888,Female,52,Electronics,4,25,100
889,2023-10-02,889,Female,35,Electronics,1,50,50
890,2023-12-20,890,Male,34,Electronics,2,25,50
891,2023-04-05,891,Male,41,Electronics,3,300,900
892,2023-04-09,892,Male,20,Electronics,1,50,50
893,2023-04-21,893,Male,49,Electronics,1,50,50
894,2023-09-05,894,Male,52,Electronics,1,30,30
895,2023-05-22,895,Female,55,Clothing,4,30,120
896,2023-10-29,896,Female,30,Electronics,2,25,50
897,2023-09-26,897,Female,64,Electronics,2,50,100
898,2023-11-02,898,Female,42,Clothing,3,30,90
899,2023-05-25,899,Male,26,Clothing,2,300,600
900,2023-02-21,900,Male,21,Clothing,2,30,60
901,2023-04-10,901,Male,31,Electronics,1,30,30
902,2023-06-01,902,Female,54,Beauty,1,50,50
903,2023-04-27,903,Female,51,Beauty,4,50,200
904,2023-07-04,904,Male,28,Clothing,1,500,500
905,2023-04-02,905,Male,58,Beauty,1,300,300
906,2023-06-04,906,Female,20,Clothing,1,50,50
907,2023-01-08,907,Female,45,Electronics,1,25,25
908,2023-12-29,908,Male,46,Beauty,4,300,1200
909,2023-10-01,909,Male,26,Electronics,1,300,300
910,2023-03-06,910,Female,20,Beauty,3,50,150
911,2023-05-21,911,Male,42,Electronics,3,300,900
912,2023-01-24,912,Male,51,Beauty,3,50,150
913,2023-01-28,913,Male,29,Electronics,3,30,90
914,2023-10-11,914,Female,59,Electronics,1,500,500
915,2023-05-30,915,Female,26,Beauty,3,30,90
916,2023-12-24,916,Female,32,Electronics,1,50,50
917,2023-03-06,917,Female,57,Electronics,4,50,200
918,2023-11-23,918,Female,42,Electronics,3,30,90
919,2023-09-09,919,Female,22,Beauty,2,25,50
920,2023-02-22,920,Female,28,Beauty,3,25,75
921,2023-01-07,921,Male,51,Electronics,3,25,75
922,2023-10-21,922,Male,41,Electronics,1,50,50
923,2023-05-26,923,Male,32,Beauty,3,300,900
924,2023-08-29,924,Male,55,Beauty,2,50,100
925,2023-09-03,925,Male,25,Electronics,1,300,300
926,2023-08-14,926,Male,22,Electronics,1,30,30
927,2023-06-24,927,Male,43,Electronics,4,500,2000
928,2023-04-05,928,Female,35,Clothing,4,300,1200
929,2023-01-27,929,Female,23,Beauty,3,25,75
930,2023-05-10,930,Male,54,Clothing,4,50,200
931,2023-09-02,931,Male,30,Beauty,4,30,120
932,2023-02-28,932,Female,45,Beauty,4,25,100
933,2023-02-03,933,Male,22,Beauty,1,30,30
934,2023-07-25,934,Male,30,Beauty,1,500,500
935,2023-09-09,935,Female,34,Beauty,1,50,50
936,2023-02-07,936,Male,57,Beauty,4,50,200
937,2023-10-23,937,Female,62,Beauty,1,500,500
938,2023-11-19,938,Male,49,Clothing,4,50,200
939,2023-12-18,939,Female,46,Electronics,1,300,300
940,2023-01-28,940,Female,20,Electronics,1,30,30
941,2023-03-19,941,Female,57,Clothing,2,25,50
942,2023-03-18,942,Male,51,Clothing,3,500,1500
943,2023-10-16,943,Female,57,Clothing,4,300,1200
944,2023-06-05,944,Male,44,Clothing,2,25,50
945,2023-02-13,945,Male,30,Beauty,1,25,25
946,2023-05-08,946,Male,62,Electronics,4,500,2000
947,2023-03-02,947,Male,50,Beauty,1,300,300
948,2023-10-13,948,Female,23,Electronics,3,25,75
949,2023-08-02,949,Female,41,Electronics,2,25,50
950,2023-11-07,950,Male,36,Clothing,3,300,900
951,2023-11-02,951,Male,33,Beauty,2,50,100
952,2023-11-13,952,Female,57,Clothing,1,25,25
953,2023-04-26,953,Male,45,Beauty,3,30,90
954,2023-09-25,954,Female,50,Electronics,3,300,900
955,2023-07-14,955,Male,58,Clothing,1,25,25
956,2023-08-19,956,Male,30,Clothing,3,500,1500
957,2023-08-15,957,Female,60,Electronics,4,30,120
958,2023-06-02,958,Male,62,Electronics,2,25,50
959,2023-10-29,959,Female,42,Electronics,2,30,60
960,2023-08-08,960,Male,59,Clothing,2,30,60
961,2023-06-06,961,Male,53,Beauty,4,50,200
962,2023-10-19,962,Male,44,Clothing,2,30,60
963,2023-11-14,963,Female,55,Beauty,1,50,50
964,2023-01-31,964,Male,24,Clothing,3,300,900
965,2023-11-09,965,Male,22,Clothing,4,50,200
966,2023-02-20,966,Male,60,Electronics,2,500,1000
967,2023-04-17,967,Male,62,Beauty,1,25,25
968,2023-11-17,968,Female,48,Clothing,3,300,900
969,2023-04-19,969,Female,40,Clothing,3,300,900
970,2023-05-16,970,Male,59,Electronics,4,500,2000
971,2023-12-05,971,Female,27,Electronics,4,50,200
972,2023-02-11,972,Male,49,Beauty,4,25,100
973,2023-03-22,973,Male,60,Clothing,1,50,50
974,2023-05-03,974,Male,47,Beauty,1,30,30
975,2023-03-30,975,Female,56,Clothing,4,50,200
976,2023-10-10,976,Female,48,Beauty,2,300,600
977,2023-02-08,977,Female,35,Electronics,3,25,75
978,2023-03-22,978,Female,53,Clothing,3,50,150
979,2023-01-02,979,Female,19,Beauty,1,25,25
980,2023-07-29,980,Female,31,Electronics,3,25,75
981,2023-08-19,981,Female,30,Electronics,2,30,60
982,2023-12-19,982,Female,46,Beauty,3,30,90
983,2023-11-01,983,Female,29,Clothing,1,300,300
984,2023-08-29,984,Male,56,Clothing,1,500,500
985,2023-05-30,985,Female,19,Electronics,2,25,50
986,2023-01-17,986,Female,49,Clothing,2,500,1000
987,2023-04-29,987,Female,30,Clothing,3,300,900
988,2023-05-28,988,Female,63,Clothing,3,25,75
989,2023-12-28,989,Female,44,Electronics,1,25,25
990,2023-05-25,990,Female,58,Beauty,2,500,1000
991,2023-12-26,991,Female,34,Clothing,2,50,100
992,2023-08-21,992,Female,57,Electronics,2,30,60
993,2023-02-06,993,Female,48,Electronics,3,50,150
994,2023-12-18,994,Female,51,Beauty,2,500,1000
995,2023-04-30,995,Female,41,Clothing,1,30,30
996,2023-05-16,996,Male,62,Clothing,1,50,50
997,2023-11-17,997,Male,52,Beauty,3,30,90
998,2023-10-29,998,Female,23,Beauty,4,25,100
999,2023-12-05,999,Female,36,Electronics,3,50,150
1000,2023-04-12,1000,Male,47,Electronics,4,30,120
